"requestedUrl","finalUrl","path","status","redirectCount","contentType","responseRobots","metaRobots","title","titleLength","metaDescription","metaDescriptionLength","canonical","ogUrl","htmlLang","h1Count","h1","h2Count","wordCount","jsonLdTypes","internalLinkCount","inSitemap","error"
"https://www.artisanlabnetwork.com/","https://www.artisanlabnetwork.com/","/","200","0","text/html; charset=utf-8","","","Artisan Lab Network","19","Championing Independent Optics - As the largest independent lab network owned by independent eye care providers in the US, Artisan Lab Network (ALN) provides unmatched industry solutions and support to independent eye care practices helping them to remain competitive against big box corporations.","297","https://www.artisanlabnetwork.com","https://www.artisanlabnetwork.com","en","0","","5","404","","14","true",""
"https://www.artisanlabnetwork.com/about","https://www.artisanlabnetwork.com/about","/about","200","0","text/html; charset=utf-8","","","About","5","Championing Independent Optics - As the largest independent lab network owned by independent eye care providers in the US, Artisan Lab Network (ALN) provides unmatched industry solutions and support to independent eye care practices helping them to remain competitive against big box corporations.","297","https://www.artisanlabnetwork.com/about","https://www.artisanlabnetwork.com/about","en","0","","2","240","","14","true",""
"https://www.artisanlabnetwork.com/aln_artisan-amour","https://www.artisanlabnetwork.com/aln_artisan-amour","/aln_artisan-amour","404","0","text/html; charset=utf-8","","","Not Found (404)","15","","0","https://www.artisanlabnetwork.com/aln_artisan-amour","https://www.artisanlabnetwork.com/aln_artisan-amour","en","1","Page not found","0","77","","15","false",""
"https://www.artisanlabnetwork.com/aln_artisan-azure","https://www.artisanlabnetwork.com/aln_artisan-azure","/aln_artisan-azure","200","0","text/html; charset=utf-8","","","ALN_Artisan Azure","17","Introducing Artisan Azure, a revolutionary Anti-Reflective (AR) treatment that takes eye care to a whole new level.","115","https://www.artisanlabnetwork.com/aln_artisan-azure","https://www.artisanlabnetwork.com/aln_artisan-azure","en","0","","1","553","","14","true",""
"https://www.artisanlabnetwork.com/aln_artisan-emerald","https://www.artisanlabnetwork.com/aln_artisan-emerald","/aln_artisan-emerald","200","0","text/html; charset=utf-8","","","ALN_Artisan Emerald","19","Discover the captivating allure of Artisan Emerald – an AR treatment that transcends the ordinary and embraces the brilliance of emeralds in every aspect.","154","https://www.artisanlabnetwork.com/aln_artisan-emerald","https://www.artisanlabnetwork.com/aln_artisan-emerald","en","0","","1","419","","14","true",""
"https://www.artisanlabnetwork.com/aln_artisan-nytopia","https://www.artisanlabnetwork.com/aln_artisan-nytopia","/aln_artisan-nytopia","200","0","text/html; charset=utf-8","","","ALN_Artisan Nytopia","19","Introducing Artisan Nytopia, an unparalleled breakthrough in Anti-Reflective (AR) technology, designed to elevate your vision to new heights.","141","https://www.artisanlabnetwork.com/aln_artisan-nytopia","https://www.artisanlabnetwork.com/aln_artisan-nytopia","en","0","","1","516","","14","true",""
"https://www.artisanlabnetwork.com/aln_design-series","https://www.artisanlabnetwork.com/aln_design-series","/aln_design-series","200","0","text/html; charset=utf-8","","","ALN_Design Series","17","Artisan Signature Series is a new family of lenses calculated with Diamond Series Dual-Add Technology, which combines complex curves on both surfaces of the lens to provide excellent vision correction.","201","https://www.artisanlabnetwork.com/aln_design-series","https://www.artisanlabnetwork.com/aln_design-series","en","0","","1","179","","14","true",""
"https://www.artisanlabnetwork.com/aln_photo","https://www.artisanlabnetwork.com/aln_photo","/aln_photo","200","0","text/html; charset=utf-8","","","Artisan Lab Network Lens Design and Technology","46","Artisan Lab Network holds our commitment to quality and passion for the latest technology at the core of our process. As an independent lab we’re able to do things differently, move more nimbly, and truly respond to what our customers need.","240","https://www.artisanlabnetwork.com/aln_photo","https://www.artisanlabnetwork.com/aln_photo","en","0","","1","90","","14","true",""
"https://www.artisanlabnetwork.com/aln_platinum-series","https://www.artisanlabnetwork.com/aln_platinum-series","/aln_platinum-series","200","0","text/html; charset=utf-8","","","ALN_Platinum Series","19","Artisan Signature Series is a new family of lenses calculated with Diamond Series Dual-Add Technology, which combines complex curves on both surfaces of the lens to provide excellent vision correction.","201","https://www.artisanlabnetwork.com/aln_platinum-series","https://www.artisanlabnetwork.com/aln_platinum-series","en","0","","1","186","","14","true",""
"https://www.artisanlabnetwork.com/aln-artisan-armour","https://www.artisanlabnetwork.com/aln-artisan-armour","/aln-artisan-armour","200","0","text/html; charset=utf-8","","","ALN_Artisan Armour","18","Introducing Artisan Armor, a groundbreaking Anti-Reflective (AR) treatment that sets new standards for visual excellence and eye protection.","140","https://www.artisanlabnetwork.com/aln-artisan-armour","https://www.artisanlabnetwork.com/aln-artisan-armour","en","0","","1","466","","14","true",""
"https://www.artisanlabnetwork.com/aln-artisan-azure","https://www.artisanlabnetwork.com/aln-artisan-azure","/aln-artisan-azure","404","0","text/html; charset=utf-8","","","Not Found (404)","15","","0","https://www.artisanlabnetwork.com/aln-artisan-azure","https://www.artisanlabnetwork.com/aln-artisan-azure","en","1","Page not found","0","77","","15","false",""
"https://www.artisanlabnetwork.com/aln-photochromic-offerings-1","https://www.artisanlabnetwork.com/aln-photochromic-offerings-1","/aln-photochromic-offerings-1","200","0","text/html; charset=utf-8","","","Artisan Lab Network Lens Design and Technology","46","Artisan Lab Network holds our commitment to quality and passion for the latest technology at the core of our process. As an independent lab we’re able to do things differently, move more nimbly, and truly respond to what our customers need.","240","https://www.artisanlabnetwork.com/aln-photochromic-offerings-1","https://www.artisanlabnetwork.com/aln-photochromic-offerings-1","en","2","AR Treatments|AR Treatment Catalogue","2","155","","14","true",""
"https://www.artisanlabnetwork.com/artisan-ar","https://www.artisanlabnetwork.com/artisan-ar","/artisan-ar","200","0","text/html; charset=utf-8","","","ALN_Artisan AR","14","AR coating is a thin, multi-layered treatment applied to eyeglass lenses to reduce reflections and glare. It helps improve the clarity and visual acuity of the lenses by allowing more light to pass through them, thereby reducing the amount of light that bounces off the lens surface.","283","https://www.artisanlabnetwork.com/artisan-ar","https://www.artisanlabnetwork.com/artisan-ar","en","0","","2","109","","18","true",""
"https://www.artisanlabnetwork.com/artisanlabnetwork_lens_design_tech","https://www.artisanlabnetwork.com/artisanlabnetwork_lens_design_tech","/artisanlabnetwork_lens_design_tech","200","0","text/html; charset=utf-8","","","Artisan Lab Network Lens Design and Technology","46","Artisan Lab Network holds our commitment to quality and passion for the latest technology at the core of our process. As an independent lab we’re able to do things differently, move more nimbly, and truly respond to what our customers need.","240","https://www.artisanlabnetwork.com/artisanlabnetwork_lens_design_tech","https://www.artisanlabnetwork.com/artisanlabnetwork_lens_design_tech","en","0","","0","95","","21","true",""
"https://www.artisanlabnetwork.com/artisanlabnetwork-about","https://www.artisanlabnetwork.com/artisanlabnetwork-about","/artisanlabnetwork-about","200","0","text/html; charset=utf-8","","","Artisan Lab Network","19","Pacific Artisan Labs holds our commitment to quality and passion for the latest technology at the core of our process. As an independent lab we’re able to do things differently, move more nimbly, and truly respond to what our customers need.","241","https://www.artisanlabnetwork.com/artisanlabnetwork-about","https://www.artisanlabnetwork.com/artisanlabnetwork-about","en","0","","0","676","","14","true",""
"https://www.artisanlabnetwork.com/blank-page-ff738a87-5a92-42bb-ade8-4170a11f1965","https://www.artisanlabnetwork.com/blank-page-ff738a87-5a92-42bb-ade8-4170a11f1965","/blank-page-ff738a87-5a92-42bb-ade8-4170a11f1965","200","0","text/html; charset=utf-8","","","Blank Page","10","","0","https://www.artisanlabnetwork.com/blank-page-ff738a87-5a92-42bb-ade8-4170a11f1965","https://www.artisanlabnetwork.com/blank-page-ff738a87-5a92-42bb-ade8-4170a11f1965","en","0","","1","34","","4","true",""
"https://www.artisanlabnetwork.com/blog","https://www.artisanlabnetwork.com/blog","/blog","200","0","text/html; charset=utf-8","","","Press Releases","14","Press releases and official communications for the Artisan Lab Network, Pacific Artisan Labs and Peak Artisan Labs.","115","https://www.artisanlabnetwork.com/blog","https://www.artisanlabnetwork.com/blog","en","0","","0","362","","17","true",""
"https://www.artisanlabnetwork.com/blog/all-independent-vision-partnership","https://www.artisanlabnetwork.com/blog/all-independent-vision-partnership","/blog/all-independent-vision-partnership","200","0","text/html; charset=utf-8","","","Pacific Labs & Independent Optical Lab Expand Network","53","Pacific Artisan Labs partners with NC-based Independent Optical Lab, expanding the Artisan Lab Network, and enhancing services across the U.S., with a focus on innovation against industry consolidation.","202","https://www.artisanlabnetwork.com/blog/all-independent-vision-partnership","https://www.artisanlabnetwork.com/blog/all-independent-vision-partnership","en","1","Pacific Artisan Labs + Independent Vision","0","499","","14","true",""
"https://www.artisanlabnetwork.com/blog/new-ownership-partners","https://www.artisanlabnetwork.com/blog/new-ownership-partners","/blog/new-ownership-partners","200","0","text/html; charset=utf-8","","","Pacific Artisan Labs Welcomes New Ownership Partners","52","Nine more independent ECPs join Pacific Artisan Labs as ownership partners, enhancing the growth strategy against industry consolidation and fostering a unique integration model for increased practice profitability and expansion.","229","https://www.artisanlabnetwork.com/blog/new-ownership-partners","https://www.artisanlabnetwork.com/blog/new-ownership-partners","en","1","Pacific Artisan Labs Welcomes New Ownership Partners","0","588","","14","true",""
"https://www.artisanlabnetwork.com/blog/pacific-artisan-labs-leading-the-way-in-innovation-and-expansion","https://www.artisanlabnetwork.com/blog/pacific-artisan-labs-leading-the-way-in-innovation-and-expansion","/blog/pacific-artisan-labs-leading-the-way-in-innovation-and-expansion","200","0","text/html; charset=utf-8","","","Pacific Artisan Labs: Leading the Way in Innovation and Expansion","65","Press Release: Pacific Artisan Labs: Leading the Way in Innovation and Expansion","80","https://www.artisanlabnetwork.com/blog/pacific-artisan-labs-leading-the-way-in-innovation-and-expansion","https://www.artisanlabnetwork.com/blog/pacific-artisan-labs-leading-the-way-in-innovation-and-expansion","en","1","Pacific Artisan Labs: Leading the Way in Innovation and Expansion","0","565","","14","true",""
"https://www.artisanlabnetwork.com/blog/pal-expanding-ownership-group","https://www.artisanlabnetwork.com/blog/pal-expanding-ownership-group","/blog/pal-expanding-ownership-group","200","0","text/html; charset=utf-8","","","Peak Artisan Labs Welcomes 10 New Private Practices","51","In a significant move that underscores its commitment to independent eye care, Peak Artisan Labs (PAL) proudly announces the addition of ten private practice Eye Care Providers (ECPs) to its growing ownership group.","215","https://www.artisanlabnetwork.com/blog/pal-expanding-ownership-group","https://www.artisanlabnetwork.com/blog/pal-expanding-ownership-group","en","1","Peak Artisan Labs Welcomes 10 New Private Practices","0","522","","14","true",""
"https://www.artisanlabnetwork.com/blog/peakartisanlabsexpands","https://www.artisanlabnetwork.com/blog/peakartisanlabsexpands","/blog/peakartisanlabsexpands","200","0","text/html; charset=utf-8","","","Peak Artisan Labs Expands Ownership Group","41","Peak Artisan Labs (PAL) welcomes two new Eye Care Providers to its network, solidifying its status as a leader in the US. This expansion reflects PAL's commitment to its unique doctor-lab equity program, offering unprecedented collaboration and growth opportunities in the eye care industry.","291","https://www.artisanlabnetwork.com/blog/peakartisanlabsexpands","https://www.artisanlabnetwork.com/blog/peakartisanlabsexpands","en","1","Peak Artisan Labs Expands Ownership Group with Two New Private Practices","0","579","","14","true",""
"https://www.artisanlabnetwork.com/blog/tokai-optical-taps-pacific-artisan-labs-as-exclusive-u-s-distributor-of-1-76-index-and-other-premium-lens-products","https://www.artisanlabnetwork.com/blog/tokai-optical-taps-pacific-artisan-labs-as-exclusive-u-s-distributor-of-1-76-index-and-other-premium-lens-products","/blog/tokai-optical-taps-pacific-artisan-labs-as-exclusive-u-s-distributor-of-1-76-index-and-other-premium-lens-products","200","0","text/html; charset=utf-8","","","Pacific Artisan Labs and Tokai Optical Forge Exclusive US Partnership","69","Launching in 2023, the partnership brings Tokai’s ultra index 1.76 lens material and innovative TokaiSelect lens designs to the U.S. market through PAL, marking a milestone in premium eyewear offerings.","202","https://www.artisanlabnetwork.com/blog/tokai-optical-taps-pacific-artisan-labs-as-exclusive-u-s-distributor-of-1-76-index-and-other-premium-lens-products","https://www.artisanlabnetwork.com/blog/tokai-optical-taps-pacific-artisan-labs-as-exclusive-u-s-distributor-of-1-76-index-and-other-premium-lens-products","en","1","Tokai Optical Taps Pacific Artisan Labs as Exclusive U.S. Distributor of 1.76-Index and Other Premium Lens Products","0","636","","14","true",""
"https://www.artisanlabnetwork.com/brandassets","https://www.artisanlabnetwork.com/brandassets","/brandassets","200","0","text/html; charset=utf-8","","","Brand Assets and Guidelines","27","","0","https://www.artisanlabnetwork.com/brandassets","https://www.artisanlabnetwork.com/brandassets","en","0","","3","122","","13","true",""
"https://www.artisanlabnetwork.com/careers","https://www.artisanlabnetwork.com/careers","/careers","200","0","text/html; charset=utf-8","","","Careers","7","Join Artisan Lab Network's mission to transform the optical industry! Seeking lab personnel, sales pros, & more across the country. Thrive with us!","147","https://www.artisanlabnetwork.com/careers","https://www.artisanlabnetwork.com/careers","en","0","","1","4063","","13","true",""
"https://www.artisanlabnetwork.com/contact","https://www.artisanlabnetwork.com/contact","/contact","200","0","text/html; charset=utf-8","","","Contact","7","Championing Independent Optics - As the largest independent lab network owned by independent eye care providers in the US, Artisan Lab Network (ALN) provides unmatched industry solutions and support to independent eye care practices helping them to remain competitive against big box corporations.","297","https://www.artisanlabnetwork.com/contact","https://www.artisanlabnetwork.com/contact","en","0","","2","156","","14","true",""
"https://www.artisanlabnetwork.com/contactus","https://www.artisanlabnetwork.com/contactus","/contactus","200","0","text/html; charset=utf-8","","","Contact Us","10","Reach out on our Contact Us page! Whether questions, feedback, or collaborations, we're here to connect. Let's start a conversation today!","138","https://www.artisanlabnetwork.com/contactus","https://www.artisanlabnetwork.com/contactus","en","0","","0","74","","14","true",""
"https://www.artisanlabnetwork.com/events_thank-you-template","https://www.artisanlabnetwork.com/events_thank-you-template","/events_thank-you-template","200","0","text/html; charset=utf-8","","","Events_Thank You Template","25","Championing Independent Optics - As the largest independent lab network owned by independent eye care providers in the US, Artisan Lab Network (ALN) provides unmatched industry solutions and support to independent eye care practices helping them to remain competitive against big box corporations.","297","https://www.artisanlabnetwork.com/events_thank-you-template","https://www.artisanlabnetwork.com/events_thank-you-template","en","0","","0","210","","15","true",""
"https://www.artisanlabnetwork.com/resource_redirect/downloads/file-uploads/sites/2147659260/themes/2153570915/downloads/02e0560-d84c-f345-3af-71265a6cd2_Endless_Steady.pdf","https://s3.amazonaws.com/kajabi-storefronts-production/file-uploads/sites/2147659260/themes/2153570915/downloads/02e0560-d84c-f345-3af-71265a6cd2_Endless_Steady.pdf","/kajabi-storefronts-production/file-uploads/sites/2147659260/themes/2153570915/downloads/02e0560-d84c-f345-3af-71265a6cd2_Endless_Steady.pdf","200","1","application/pdf","","","","0","","0","","","","0","","0","0","","0","false",""
"https://www.artisanlabnetwork.com/resource_redirect/downloads/file-uploads/sites/2147659260/themes/2153570915/downloads/04106e-8a22-228f-bded-ffee2fdcdfc_Endless_Office_Occupational_Degressions_Chart.pdf","https://s3.amazonaws.com/kajabi-storefronts-production/file-uploads/sites/2147659260/themes/2153570915/downloads/04106e-8a22-228f-bded-ffee2fdcdfc_Endless_Office_Occupational_Degressions_Chart.pdf","/kajabi-storefronts-production/file-uploads/sites/2147659260/themes/2153570915/downloads/04106e-8a22-228f-bded-ffee2fdcdfc_Endless_Office_Occupational_Degressions_Chart.pdf","200","1","application/pdf","","","","0","","0","","","","0","","0","0","","0","false",""
"https://www.artisanlabnetwork.com/resource_redirect/downloads/file-uploads/sites/2147659260/themes/2153570915/downloads/0417e7-cebd-b6b1-04ae-c3462681d73_PAL_TEMPLATE_HOYA_Lens_Product_Guide_2024.pdf","https://s3.amazonaws.com/kajabi-storefronts-production/file-uploads/sites/2147659260/themes/2153570915/downloads/0417e7-cebd-b6b1-04ae-c3462681d73_PAL_TEMPLATE_HOYA_Lens_Product_Guide_2024.pdf","/kajabi-storefronts-production/file-uploads/sites/2147659260/themes/2153570915/downloads/0417e7-cebd-b6b1-04ae-c3462681d73_PAL_TEMPLATE_HOYA_Lens_Product_Guide_2024.pdf","200","1","application/pdf","","","","0","","0","","","","0","","0","0","","0","false",""
"https://www.artisanlabnetwork.com/resource_redirect/downloads/file-uploads/sites/2147659260/themes/2153570915/downloads/0cd85ad-465d-c203-be44-057526c0a2_Camber_Availability_Sheet_PAL_Rev.pdf","https://s3.amazonaws.com/kajabi-storefronts-production/file-uploads/sites/2147659260/themes/2153570915/downloads/0cd85ad-465d-c203-be44-057526c0a2_Camber_Availability_Sheet_PAL_Rev.pdf","/kajabi-storefronts-production/file-uploads/sites/2147659260/themes/2153570915/downloads/0cd85ad-465d-c203-be44-057526c0a2_Camber_Availability_Sheet_PAL_Rev.pdf","200","1","application/pdf","","","","0","","0","","","","0","","0","0","","0","false",""
"https://www.artisanlabnetwork.com/resource_redirect/downloads/file-uploads/sites/2147659260/themes/2153570915/downloads/1c415ed-38d1-7045-1fe0-c87b56ee58cd_Essential_Steady.pdf","https://s3.amazonaws.com/kajabi-storefronts-production/file-uploads/sites/2147659260/themes/2153570915/downloads/1c415ed-38d1-7045-1fe0-c87b56ee58cd_Essential_Steady.pdf","/kajabi-storefronts-production/file-uploads/sites/2147659260/themes/2153570915/downloads/1c415ed-38d1-7045-1fe0-c87b56ee58cd_Essential_Steady.pdf","200","1","application/pdf","","","","0","","0","","","","0","","0","0","","0","false",""
"https://www.artisanlabnetwork.com/resource_redirect/downloads/file-uploads/sites/2147659260/themes/2153570915/downloads/28dcd64-b784-837-3ca1-d6ddd6f48415_PAL_Essilor_Product_Range_and_AR_Compatibility.pdf","https://s3.amazonaws.com/kajabi-storefronts-production/file-uploads/sites/2147659260/themes/2153570915/downloads/28dcd64-b784-837-3ca1-d6ddd6f48415_PAL_Essilor_Product_Range_and_AR_Compatibility.pdf","/kajabi-storefronts-production/file-uploads/sites/2147659260/themes/2153570915/downloads/28dcd64-b784-837-3ca1-d6ddd6f48415_PAL_Essilor_Product_Range_and_AR_Compatibility.pdf","200","1","application/pdf","","","","0","","0","","","","0","","0","0","","0","false",""
"https://www.artisanlabnetwork.com/resource_redirect/downloads/file-uploads/sites/2147659260/themes/2153570915/downloads/34d5ec8-c5f-5cac-51fa-472d3ee16f82_Unicor_Terms_and_Conditions.pdf","https://s3.amazonaws.com/kajabi-storefronts-production/file-uploads/sites/2147659260/themes/2153570915/downloads/34d5ec8-c5f-5cac-51fa-472d3ee16f82_Unicor_Terms_and_Conditions.pdf","/kajabi-storefronts-production/file-uploads/sites/2147659260/themes/2153570915/downloads/34d5ec8-c5f-5cac-51fa-472d3ee16f82_Unicor_Terms_and_Conditions.pdf","200","1","application/pdf","","","","0","","0","","","","0","","0","0","","0","false",""
"https://www.artisanlabnetwork.com/resource_redirect/downloads/file-uploads/sites/2147659260/themes/2153570915/downloads/38de08-bbf6-e65-466-56b0e2dbb8d6_Tokai_Select_ALN.pdf","https://s3.amazonaws.com/kajabi-storefronts-production/file-uploads/sites/2147659260/themes/2153570915/downloads/38de08-bbf6-e65-466-56b0e2dbb8d6_Tokai_Select_ALN.pdf","/kajabi-storefronts-production/file-uploads/sites/2147659260/themes/2153570915/downloads/38de08-bbf6-e65-466-56b0e2dbb8d6_Tokai_Select_ALN.pdf","200","1","application/pdf","","","","0","","0","","","","0","","0","0","","0","false",""
"https://www.artisanlabnetwork.com/resource_redirect/downloads/file-uploads/sites/2147659260/themes/2153570915/downloads/3adc1ce-1fef-5216-20d-6c8c6706dd8_Pacific_Peak_Chemistrie_Layer_Order_Form_1_1_.pdf","https://s3.amazonaws.com/kajabi-storefronts-production/file-uploads/sites/2147659260/themes/2153570915/downloads/3adc1ce-1fef-5216-20d-6c8c6706dd8_Pacific_Peak_Chemistrie_Layer_Order_Form_1_1_.pdf","/kajabi-storefronts-production/file-uploads/sites/2147659260/themes/2153570915/downloads/3adc1ce-1fef-5216-20d-6c8c6706dd8_Pacific_Peak_Chemistrie_Layer_Order_Form_1_1_.pdf","200","1","application/pdf","","","","0","","0","","","","0","","0","0","","0","false",""
"https://www.artisanlabnetwork.com/resource_redirect/downloads/file-uploads/sites/2147659260/themes/2153570915/downloads/4640bb6-017b-7d8-b5dc-3521c72ba6e_ROI-2024-Catalog_new.pdf","https://s3.amazonaws.com/kajabi-storefronts-production/file-uploads/sites/2147659260/themes/2153570915/downloads/4640bb6-017b-7d8-b5dc-3521c72ba6e_ROI-2024-Catalog_new.pdf","/kajabi-storefronts-production/file-uploads/sites/2147659260/themes/2153570915/downloads/4640bb6-017b-7d8-b5dc-3521c72ba6e_ROI-2024-Catalog_new.pdf","200","1","application/pdf","","","","0","","0","","","","0","","0","0","","0","false",""
"https://www.artisanlabnetwork.com/resource_redirect/downloads/file-uploads/sites/2147659260/themes/2153570915/downloads/54ab704-83e0-4651-eac-dd8375e85e67_modern_frame.pdf","https://s3.amazonaws.com/kajabi-storefronts-production/file-uploads/sites/2147659260/themes/2153570915/downloads/54ab704-83e0-4651-eac-dd8375e85e67_modern_frame.pdf","/kajabi-storefronts-production/file-uploads/sites/2147659260/themes/2153570915/downloads/54ab704-83e0-4651-eac-dd8375e85e67_modern_frame.pdf","200","1","application/pdf","","","","0","","0","","","","0","","0","0","","0","false",""
"https://www.artisanlabnetwork.com/resource_redirect/downloads/file-uploads/sites/2147659260/themes/2153570915/downloads/5688bc8-2e3-c061-3d27-251215283ac_Unity_V3_Whitepaper.pdf","https://s3.amazonaws.com/kajabi-storefronts-production/file-uploads/sites/2147659260/themes/2153570915/downloads/5688bc8-2e3-c061-3d27-251215283ac_Unity_V3_Whitepaper.pdf","/kajabi-storefronts-production/file-uploads/sites/2147659260/themes/2153570915/downloads/5688bc8-2e3-c061-3d27-251215283ac_Unity_V3_Whitepaper.pdf","200","1","application/pdf","","","","0","","0","","","","0","","0","0","","0","false",""
"https://www.artisanlabnetwork.com/resource_redirect/downloads/file-uploads/sites/2147659260/themes/2153570915/downloads/5d2fadf-66b6-5ff-8fd3-54bbe5b633ea_Tokai_Bi-AS_GO_ALN.pdf","https://s3.amazonaws.com/kajabi-storefronts-production/file-uploads/sites/2147659260/themes/2153570915/downloads/5d2fadf-66b6-5ff-8fd3-54bbe5b633ea_Tokai_Bi-AS_GO_ALN.pdf","/kajabi-storefronts-production/file-uploads/sites/2147659260/themes/2153570915/downloads/5d2fadf-66b6-5ff-8fd3-54bbe5b633ea_Tokai_Bi-AS_GO_ALN.pdf","200","1","application/pdf","","","","0","","0","","","","0","","0","0","","0","false",""
"https://www.artisanlabnetwork.com/resource_redirect/downloads/file-uploads/sites/2147659260/themes/2153570915/downloads/6bcc1f0-838f-c7ae-65-cc708a166772_US_Largo_Sales_Aid.pdf","https://s3.amazonaws.com/kajabi-storefronts-production/file-uploads/sites/2147659260/themes/2153570915/downloads/6bcc1f0-838f-c7ae-65-cc708a166772_US_Largo_Sales_Aid.pdf","/kajabi-storefronts-production/file-uploads/sites/2147659260/themes/2153570915/downloads/6bcc1f0-838f-c7ae-65-cc708a166772_US_Largo_Sales_Aid.pdf","200","1","application/pdf","","","","0","","0","","","","0","","0","0","","0","false",""
"https://www.artisanlabnetwork.com/resource_redirect/downloads/file-uploads/sites/2147659260/themes/2153570915/downloads/6d2e2e7-b3d6-3f13-5ebb-48ba8402fa4_IOT_Brand_Design_Comparison_Sheet.pdf","https://s3.amazonaws.com/kajabi-storefronts-production/file-uploads/sites/2147659260/themes/2153570915/downloads/6d2e2e7-b3d6-3f13-5ebb-48ba8402fa4_IOT_Brand_Design_Comparison_Sheet.pdf","/kajabi-storefronts-production/file-uploads/sites/2147659260/themes/2153570915/downloads/6d2e2e7-b3d6-3f13-5ebb-48ba8402fa4_IOT_Brand_Design_Comparison_Sheet.pdf","200","1","application/pdf","","","","0","","0","","","","0","","0","0","","0","false",""
"https://www.artisanlabnetwork.com/resource_redirect/downloads/file-uploads/sites/2147659260/themes/2153570915/downloads/a587f6-c5-20a2-0c45-ab2a24aaac6_Endless_Plus.pdf","https://s3.amazonaws.com/kajabi-storefronts-production/file-uploads/sites/2147659260/themes/2153570915/downloads/a587f6-c5-20a2-0c45-ab2a24aaac6_Endless_Plus.pdf","/kajabi-storefronts-production/file-uploads/sites/2147659260/themes/2153570915/downloads/a587f6-c5-20a2-0c45-ab2a24aaac6_Endless_Plus.pdf","200","1","application/pdf","","","","0","","0","","","","0","","0","0","","0","false",""
"https://www.artisanlabnetwork.com/resource_redirect/downloads/file-uploads/sites/2147659260/themes/2153570915/downloads/a845d-acab-b15-4ca6-f7b3031a631_Unity-V3-Sales-Flyer_3_lifeystyles.pdf","https://s3.amazonaws.com/kajabi-storefronts-production/file-uploads/sites/2147659260/themes/2153570915/downloads/a845d-acab-b15-4ca6-f7b3031a631_Unity-V3-Sales-Flyer_3_lifeystyles.pdf","/kajabi-storefronts-production/file-uploads/sites/2147659260/themes/2153570915/downloads/a845d-acab-b15-4ca6-f7b3031a631_Unity-V3-Sales-Flyer_3_lifeystyles.pdf","200","1","application/pdf","","","","0","","0","","","","0","","0","0","","0","false",""
"https://www.artisanlabnetwork.com/resource_redirect/downloads/file-uploads/sites/2147659260/themes/2153570915/downloads/b338a24-8835-bd0d-b8fd-005db7054ef_Centration_Charts.pdf","https://s3.amazonaws.com/kajabi-storefronts-production/file-uploads/sites/2147659260/themes/2153570915/downloads/b338a24-8835-bd0d-b8fd-005db7054ef_Centration_Charts.pdf","/kajabi-storefronts-production/file-uploads/sites/2147659260/themes/2153570915/downloads/b338a24-8835-bd0d-b8fd-005db7054ef_Centration_Charts.pdf","200","1","application/pdf","","","","0","","0","","","","0","","0","0","","0","false",""
"https://www.artisanlabnetwork.com/resource_redirect/downloads/file-uploads/sites/2147659260/themes/2153570915/downloads/b546cb-a806-fbe6-a8f7-5670f720d852_ArtCraft-2021-Safe-Cat.-Online-FINAL-19Nov20-2.pdf","https://s3.amazonaws.com/kajabi-storefronts-production/file-uploads/sites/2147659260/themes/2153570915/downloads/b546cb-a806-fbe6-a8f7-5670f720d852_ArtCraft-2021-Safe-Cat.-Online-FINAL-19Nov20-2.pdf","/kajabi-storefronts-production/file-uploads/sites/2147659260/themes/2153570915/downloads/b546cb-a806-fbe6-a8f7-5670f720d852_ArtCraft-2021-Safe-Cat.-Online-FINAL-19Nov20-2.pdf","200","1","application/pdf","","","","0","","0","","","","0","","0","0","","0","false",""
"https://www.artisanlabnetwork.com/resource_redirect/downloads/file-uploads/sites/2147659260/themes/2153570915/downloads/bb7708-468e-a20-47aa-f5548eb163d_Camber_Steady_Plus.pdf","https://s3.amazonaws.com/kajabi-storefronts-production/file-uploads/sites/2147659260/themes/2153570915/downloads/bb7708-468e-a20-47aa-f5548eb163d_Camber_Steady_Plus.pdf","/kajabi-storefronts-production/file-uploads/sites/2147659260/themes/2153570915/downloads/bb7708-468e-a20-47aa-f5548eb163d_Camber_Steady_Plus.pdf","200","1","application/pdf","","","","0","","0","","","","0","","0","0","","0","false",""
"https://www.artisanlabnetwork.com/resource_redirect/downloads/file-uploads/sites/2147659260/themes/2153570915/downloads/c43f267-56a4-cad-df67-04b2550e8f_52_rest_ol.pdf","https://s3.amazonaws.com/kajabi-storefronts-production/file-uploads/sites/2147659260/themes/2153570915/downloads/c43f267-56a4-cad-df67-04b2550e8f_52_rest_ol.pdf","/kajabi-storefronts-production/file-uploads/sites/2147659260/themes/2153570915/downloads/c43f267-56a4-cad-df67-04b2550e8f_52_rest_ol.pdf","200","1","application/pdf","","","","0","","0","","","","0","","0","0","","0","false",""
"https://www.artisanlabnetwork.com/resource_redirect/downloads/file-uploads/sites/2147659260/themes/2153570915/downloads/c577bd5-5d4a-b6a8-7fb2-4b0c62d634ab_PAL_Safety_System_Brochure_Wiley-X_2023.pdf","https://s3.amazonaws.com/kajabi-storefronts-production/file-uploads/sites/2147659260/themes/2153570915/downloads/c577bd5-5d4a-b6a8-7fb2-4b0c62d634ab_PAL_Safety_System_Brochure_Wiley-X_2023.pdf","/kajabi-storefronts-production/file-uploads/sites/2147659260/themes/2153570915/downloads/c577bd5-5d4a-b6a8-7fb2-4b0c62d634ab_PAL_Safety_System_Brochure_Wiley-X_2023.pdf","200","1","application/pdf","","","","0","","0","","","","0","","0","0","","0","false",""
"https://www.artisanlabnetwork.com/resource_redirect/downloads/file-uploads/sites/2147659260/themes/2153570915/downloads/d03d8e2-7ac2-11ad-303-31af0a6f0f1_2023_SafeVision_Pentax.pdf","https://s3.amazonaws.com/kajabi-storefronts-production/file-uploads/sites/2147659260/themes/2153570915/downloads/d03d8e2-7ac2-11ad-303-31af0a6f0f1_2023_SafeVision_Pentax.pdf","/kajabi-storefronts-production/file-uploads/sites/2147659260/themes/2153570915/downloads/d03d8e2-7ac2-11ad-303-31af0a6f0f1_2023_SafeVision_Pentax.pdf","200","1","application/pdf","","","","0","","0","","","","0","","0","0","","0","false",""
"https://www.artisanlabnetwork.com/resource_redirect/downloads/file-uploads/sites/2147659260/themes/2153570915/downloads/d171076-08ea-e22-326-8584ec668fb_HOYA_Centration_Chart_Book_2023_FINAL.pdf","https://s3.amazonaws.com/kajabi-storefronts-production/file-uploads/sites/2147659260/themes/2153570915/downloads/d171076-08ea-e22-326-8584ec668fb_HOYA_Centration_Chart_Book_2023_FINAL.pdf","/kajabi-storefronts-production/file-uploads/sites/2147659260/themes/2153570915/downloads/d171076-08ea-e22-326-8584ec668fb_HOYA_Centration_Chart_Book_2023_FINAL.pdf","200","1","application/pdf","","","","0","","0","","","","0","","0","0","","0","false",""
"https://www.artisanlabnetwork.com/resource_redirect/downloads/file-uploads/sites/2147659260/themes/2153570915/downloads/edc3db2-60d4-424a-68d-2ee1c7dd2a86_Endless_Office.pdf","https://s3.amazonaws.com/kajabi-storefronts-production/file-uploads/sites/2147659260/themes/2153570915/downloads/edc3db2-60d4-424a-68d-2ee1c7dd2a86_Endless_Office.pdf","/kajabi-storefronts-production/file-uploads/sites/2147659260/themes/2153570915/downloads/edc3db2-60d4-424a-68d-2ee1c7dd2a86_Endless_Office.pdf","200","1","application/pdf","","","","0","","0","","","","0","","0","0","","0","false",""
"https://www.artisanlabnetwork.com/resource_redirect/downloads/file-uploads/sites/2147659260/themes/2153570915/downloads/ee536b-d8a-f7c0-610-3f310fd63e10_Tints_for_Tokai.pdf","https://s3.amazonaws.com/kajabi-storefronts-production/file-uploads/sites/2147659260/themes/2153570915/downloads/ee536b-d8a-f7c0-610-3f310fd63e10_Tints_for_Tokai.pdf","/kajabi-storefronts-production/file-uploads/sites/2147659260/themes/2153570915/downloads/ee536b-d8a-f7c0-610-3f310fd63e10_Tints_for_Tokai.pdf","200","1","application/pdf","","","","0","","0","","","","0","","0","0","","0","false",""
"https://www.artisanlabnetwork.com/resource_redirect/downloads/file-uploads/sites/2147659260/themes/2153570915/downloads/f6037e-b0c-c031-2267-603ebfacdc5_IOT_Minicatalogue_EN.pdf","https://s3.amazonaws.com/kajabi-storefronts-production/file-uploads/sites/2147659260/themes/2153570915/downloads/f6037e-b0c-c031-2267-603ebfacdc5_IOT_Minicatalogue_EN.pdf","/kajabi-storefronts-production/file-uploads/sites/2147659260/themes/2153570915/downloads/f6037e-b0c-c031-2267-603ebfacdc5_IOT_Minicatalogue_EN.pdf","200","1","application/pdf","","","","0","","0","","","","0","","0","0","","0","false",""
"https://www.artisanlabnetwork.com/resource_redirect/downloads/file-uploads/sites/2147659260/themes/2154258485/downloads/263d73c-f0e3-a86b-e25a-57c3f67b81_Deskmat_Insert-Artisan-draft1.pdf","https://s3.amazonaws.com/kajabi-storefronts-production/file-uploads/sites/2147659260/themes/2154258485/downloads/263d73c-f0e3-a86b-e25a-57c3f67b81_Deskmat_Insert-Artisan-draft1.pdf","/kajabi-storefronts-production/file-uploads/sites/2147659260/themes/2154258485/downloads/263d73c-f0e3-a86b-e25a-57c3f67b81_Deskmat_Insert-Artisan-draft1.pdf","200","1","application/pdf","","","","0","","0","","","","0","","0","0","","0","false",""
"https://www.artisanlabnetwork.com/resource_redirect/downloads/file-uploads/sites/2147659260/themes/2154258485/downloads/3c1f2-c1ad-0801-7d8f-323debae58da_Platinum_Series.pdf","https://s3.amazonaws.com/kajabi-storefronts-production/file-uploads/sites/2147659260/themes/2154258485/downloads/3c1f2-c1ad-0801-7d8f-323debae58da_Platinum_Series.pdf","/kajabi-storefronts-production/file-uploads/sites/2147659260/themes/2154258485/downloads/3c1f2-c1ad-0801-7d8f-323debae58da_Platinum_Series.pdf","200","1","application/pdf","","","","0","","0","","","","0","","0","0","","0","false",""
"https://www.artisanlabnetwork.com/resource_redirect/downloads/file-uploads/sites/2147659260/themes/2154258485/downloads/56b21af-c022-3a7-c7dc-dc8532fe122c_Classic_Specialty.pdf","https://s3.amazonaws.com/kajabi-storefronts-production/file-uploads/sites/2147659260/themes/2154258485/downloads/56b21af-c022-3a7-c7dc-dc8532fe122c_Classic_Specialty.pdf","/kajabi-storefronts-production/file-uploads/sites/2147659260/themes/2154258485/downloads/56b21af-c022-3a7-c7dc-dc8532fe122c_Classic_Specialty.pdf","200","1","application/pdf","","","","0","","0","","","","0","","0","0","","0","false",""
"https://www.artisanlabnetwork.com/resource_redirect/downloads/file-uploads/sites/2147659260/themes/2154258485/downloads/657ce38-d582-16a3-c16b-ba5b75b7b5f4_Reading_Card-Artisan-draft1.pdf","https://s3.amazonaws.com/kajabi-storefronts-production/file-uploads/sites/2147659260/themes/2154258485/downloads/657ce38-d582-16a3-c16b-ba5b75b7b5f4_Reading_Card-Artisan-draft1.pdf","/kajabi-storefronts-production/file-uploads/sites/2147659260/themes/2154258485/downloads/657ce38-d582-16a3-c16b-ba5b75b7b5f4_Reading_Card-Artisan-draft1.pdf","200","1","application/pdf","","","","0","","0","","","","0","","0","0","","0","false",""
"https://www.artisanlabnetwork.com/resource_redirect/downloads/file-uploads/sites/2147659260/themes/2154258485/downloads/d8d8426-bc-0ae2-23c-ad551a2d2c_Gold_Series.pdf","https://s3.amazonaws.com/kajabi-storefronts-production/file-uploads/sites/2147659260/themes/2154258485/downloads/d8d8426-bc-0ae2-23c-ad551a2d2c_Gold_Series.pdf","/kajabi-storefronts-production/file-uploads/sites/2147659260/themes/2154258485/downloads/d8d8426-bc-0ae2-23c-ad551a2d2c_Gold_Series.pdf","200","1","application/pdf","","","","0","","0","","","","0","","0","0","","0","false",""
"https://www.artisanlabnetwork.com/resource_redirect/downloads/file-uploads/sites/2147659260/themes/2154258485/downloads/ef5f5e6-41d0-8dbe-61e2-3d532d01bfd_Camber_Diamond.pdf","https://s3.amazonaws.com/kajabi-storefronts-production/file-uploads/sites/2147659260/themes/2154258485/downloads/ef5f5e6-41d0-8dbe-61e2-3d532d01bfd_Camber_Diamond.pdf","/kajabi-storefronts-production/file-uploads/sites/2147659260/themes/2154258485/downloads/ef5f5e6-41d0-8dbe-61e2-3d532d01bfd_Camber_Diamond.pdf","200","1","application/pdf","","","","0","","0","","","","0","","0","0","","0","false",""
"https://www.artisanlabnetwork.com/resource_redirect/downloads/file-uploads/sites/2147659260/themes/2154258485/downloads/f0011d8-ab25-2e87-a2fe-a2beb4ba8_PAL_Training.pdf","https://s3.amazonaws.com/kajabi-storefronts-production/file-uploads/sites/2147659260/themes/2154258485/downloads/f0011d8-ab25-2e87-a2fe-a2beb4ba8_PAL_Training.pdf","/kajabi-storefronts-production/file-uploads/sites/2147659260/themes/2154258485/downloads/f0011d8-ab25-2e87-a2fe-a2beb4ba8_PAL_Training.pdf","200","1","application/pdf","","","","0","","0","","","","0","","0","0","","0","false",""
"https://www.artisanlabnetwork.com/resource_redirect/downloads/file-uploads/sites/2147659260/themes/2155836523/downloads/48f6d67-d1-686-aab8-8aa04cefa_2023_PAL_Pricing_-_General_Partner_Pricing_G3.pdf","https://s3.amazonaws.com/kajabi-storefronts-production/file-uploads/sites/2147659260/themes/2155836523/downloads/48f6d67-d1-686-aab8-8aa04cefa_2023_PAL_Pricing_-_General_Partner_Pricing_G3.pdf","/kajabi-storefronts-production/file-uploads/sites/2147659260/themes/2155836523/downloads/48f6d67-d1-686-aab8-8aa04cefa_2023_PAL_Pricing_-_General_Partner_Pricing_G3.pdf","200","1","application/pdf","","","","0","","0","","","","0","","0","0","","0","false",""
"https://www.artisanlabnetwork.com/resource_redirect/downloads/file-uploads/sites/2147659260/themes/2160517353/downloads/1afd4-5084-4603-7017-52a3422ca4_PM_Nov_24.pdf","https://s3.amazonaws.com/kajabi-storefronts-production/file-uploads/sites/2147659260/themes/2160517353/downloads/1afd4-5084-4603-7017-52a3422ca4_PM_Nov_24.pdf","/kajabi-storefronts-production/file-uploads/sites/2147659260/themes/2160517353/downloads/1afd4-5084-4603-7017-52a3422ca4_PM_Nov_24.pdf","200","1","application/pdf","","","","0","","0","","","","0","","0","0","","0","false",""
"https://www.artisanlabnetwork.com/resource_redirect/downloads/file-uploads/sites/2147659260/themes/2160517353/downloads/20d6c34-cae8-47ab-417-d34a6f545832_PM_JanFeb.pdf","https://s3.amazonaws.com/kajabi-storefronts-production/file-uploads/sites/2147659260/themes/2160517353/downloads/20d6c34-cae8-47ab-417-d34a6f545832_PM_JanFeb.pdf","/kajabi-storefronts-production/file-uploads/sites/2147659260/themes/2160517353/downloads/20d6c34-cae8-47ab-417-d34a6f545832_PM_JanFeb.pdf","200","1","application/pdf","","","","0","","0","","","","0","","0","0","","0","false",""
"https://www.artisanlabnetwork.com/resource_redirect/downloads/file-uploads/sites/2147659260/themes/2160517353/downloads/d17c217-a46e-134-4bb2-50cf1f66d3c_PM_Dec_2025.pdf","https://s3.amazonaws.com/kajabi-storefronts-production/file-uploads/sites/2147659260/themes/2160517353/downloads/d17c217-a46e-134-4bb2-50cf1f66d3c_PM_Dec_2025.pdf","/kajabi-storefronts-production/file-uploads/sites/2147659260/themes/2160517353/downloads/d17c217-a46e-134-4bb2-50cf1f66d3c_PM_Dec_2025.pdf","200","1","application/pdf","","","","0","","0","","","","0","","0","0","","0","false",""
"https://www.artisanlabnetwork.com/resource_redirect/downloads/file-uploads/sites/2147659260/themes/2161047273/downloads/0f155c0-c334-0d2-b388-0d2ab135e3f_PAL_Press_Release_0422225.pdf","https://s3.amazonaws.com/kajabi-storefronts-production/file-uploads/sites/2147659260/themes/2161047273/downloads/0f155c0-c334-0d2-b388-0d2ab135e3f_PAL_Press_Release_0422225.pdf","/kajabi-storefronts-production/file-uploads/sites/2147659260/themes/2161047273/downloads/0f155c0-c334-0d2-b388-0d2ab135e3f_PAL_Press_Release_0422225.pdf","200","1","application/pdf","","","","0","","0","","","","0","","0","0","","0","false",""
"https://www.artisanlabnetwork.com/LabAlliance","https://www.artisanlabnetwork.com/LabAlliance","/LabAlliance","200","0","text/html; charset=utf-8","","","ALN Lab Alliance","16","Championing Independent Optics - As the largest independent lab network owned by independent eye care providers in the US, Artisan Lab Network (ALN) provides unmatched industry solutions and support to independent eye care practices helping them to remain competitive against big box corporations.","297","https://www.artisanlabnetwork.com/LabAlliance","https://www.artisanlabnetwork.com/LabAlliance","en","1","Join the Revolution","0","451","","14","true",""
"https://www.artisanlabnetwork.com/login","https://www.artisanlabnetwork.com/login","/login","200","0","text/html; charset=utf-8","","","Artisan Lab Network","19","Championing Independent Optics - As the largest independent lab network owned by independent eye care providers in the US, Artisan Lab Network (ALN) provides unmatched industry solutions and support to independent eye care practices helping them to remain competitive against big box corporations.","297","https://www.artisanlabnetwork.com/login","https://www.artisanlabnetwork.com/login","en","1","Log In","0","68","","15","false",""
"https://www.artisanlabnetwork.com/merchandise","https://www.artisanlabnetwork.com/merchandise","/merchandise","200","0","text/html; charset=utf-8","","","Artisan Merch","13","Artisan Merchandise","19","https://www.artisanlabnetwork.com/merchandise","https://www.artisanlabnetwork.com/merchandise","en","0","","0","60","","14","true",""
"https://www.artisanlabnetwork.com/newsletters/practice-matters","https://www.artisanlabnetwork.com/newsletters/practice-matters","/newsletters/practice-matters","200","0","text/html; charset=utf-8","","","Practice Matters - Artisan Lab Network Newsletter","49","Newsletter to keep up to date with Artisan Lab Network","54","https://www.artisanlabnetwork.com/newsletters/practice-matters","https://www.artisanlabnetwork.com/newsletters/practice-matters","en","0","","0","110","","15","true",""
"https://www.artisanlabnetwork.com/newsletters/practice-matters/posts/Nov24","https://www.artisanlabnetwork.com/newsletters/practice-matters/posts/Nov24","/newsletters/practice-matters/posts/Nov24","200","0","text/html; charset=utf-8","","","Practice Matters - November 2024","32","Practice Matters
Issue 1
November 2024","38","https://www.artisanlabnetwork.com/newsletters/practice-matters/posts/Nov24","https://www.artisanlabnetwork.com/newsletters/practice-matters/posts/Nov24","en","1","November 2024","0","125","","15","true",""
"https://www.artisanlabnetwork.com/resource_redirect/offers/uL32L9bH","https://www.artisanlabnetwork.com/offers/uL32L9bH/checkout","/offers/uL32L9bH/checkout","200","2","text/html; charset=utf-8","","noindex","Artisan Lab Network","19","","0","","","en","2","Tokai Lens Expert|Free","0","39","","2","false",""
"https://www.artisanlabnetwork.com/opt-in","https://www.artisanlabnetwork.com/opt-in","/opt-in","200","0","text/html; charset=utf-8","","","Opt-in","6","","0","https://www.artisanlabnetwork.com/opt-in","https://www.artisanlabnetwork.com/opt-in","en","0","","1","71","","3","true",""
"https://www.artisanlabnetwork.com/Optikam","https://www.artisanlabnetwork.com/Optikam","/Optikam","200","0","text/html; charset=utf-8","","","Artisan Lab Network & OptiKam","29","","0","https://www.artisanlabnetwork.com/Optikam","https://www.artisanlabnetwork.com/Optikam","en","0","","1","60","","14","true",""
"https://www.artisanlabnetwork.com/our-craft-1","https://www.artisanlabnetwork.com/our-craft-1","/our-craft-1","200","0","text/html; charset=utf-8","","","Our Craft","9","Our Craft: Dive deep into our essence. Discover who we are, our passion for optics, and the driving force behind our dedication. Join our vision journey.","153","https://www.artisanlabnetwork.com/our-craft-1","https://www.artisanlabnetwork.com/our-craft-1","en","1","How to Resources","1","285","","15","true",""
"https://www.artisanlabnetwork.com/our-partners","https://www.artisanlabnetwork.com/our-partners","/our-partners","200","0","text/html; charset=utf-8","","noindex, nofollow","Our Partners","12","Our trusted collaborators provide high-quality lenses and technologies to enhance our commitment to independent eye care providers and their patients","149","https://www.artisanlabnetwork.com/our-partners","https://www.artisanlabnetwork.com/our-partners","en","0","","0","212","","14","false",""
"https://www.artisanlabnetwork.com/resource_redirect/landing_pages/2149449141","https://www.artisanlabnetwork.com/ourcraft","/ourcraft","200","1","text/html; charset=utf-8","","noindex, nofollow","Our Craft","9","Our Craft: Dive deep into our essence. Discover who we are, our passion for optics, and the driving force behind our dedication. Join our vision journey.","153","https://www.artisanlabnetwork.com/ourcraft","https://www.artisanlabnetwork.com/ourcraft","en","0","","7","738","","15","false",""
"https://www.artisanlabnetwork.com/ourcraft","https://www.artisanlabnetwork.com/ourcraft","/ourcraft","200","0","text/html; charset=utf-8","","noindex, nofollow","Our Craft","9","Our Craft: Dive deep into our essence. Discover who we are, our passion for optics, and the driving force behind our dedication. Join our vision journey.","153","https://www.artisanlabnetwork.com/ourcraft","https://www.artisanlabnetwork.com/ourcraft","en","0","","7","738","","15","false",""
"https://www.artisanlabnetwork.com/pacificartisanlabs","https://www.artisanlabnetwork.com/pacificartisanlabs","/pacificartisanlabs","200","0","text/html; charset=utf-8","","","Pacific Artisan Labs","20","Pacific Artisan Labs holds our commitment to quality and passion for the latest technology at the core of our process. As an independent lab we’re able to do things differently, move more nimbly, and truly respond to what our customers need.","241","https://www.artisanlabnetwork.com/pacificartisanlabs","https://www.artisanlabnetwork.com/pacificartisanlabs","en","0","","1","359","","12","true",""
"https://www.artisanlabnetwork.com/resource_redirect/landing_pages/2149438927","https://www.artisanlabnetwork.com/pacificartisanlabs","/pacificartisanlabs","200","1","text/html; charset=utf-8","","","Pacific Artisan Labs","20","Pacific Artisan Labs holds our commitment to quality and passion for the latest technology at the core of our process. As an independent lab we’re able to do things differently, move more nimbly, and truly respond to what our customers need.","241","https://www.artisanlabnetwork.com/pacificartisanlabs","https://www.artisanlabnetwork.com/pacificartisanlabs","en","0","","1","359","","12","false",""
"https://www.artisanlabnetwork.com/password/new","https://www.artisanlabnetwork.com/password/new","/password/new","200","0","text/html; charset=utf-8","","","Artisan Lab Network","19","Championing Independent Optics - As the largest independent lab network owned by independent eye care providers in the US, Artisan Lab Network (ALN) provides unmatched industry solutions and support to independent eye care practices helping them to remain competitive against big box corporations.","297","https://www.artisanlabnetwork.com/password/new","https://www.artisanlabnetwork.com/password/new","en","1","Recover Password","0","65","","15","false",""
"https://www.artisanlabnetwork.com/patient-resources","https://www.artisanlabnetwork.com/patient-resources","/patient-resources","200","0","text/html; charset=utf-8","","","Patient Resources_Home","22","Let us help you discover how we can help you achieve optimal vision clarity and comfort, tailored to fit your lifestyle and visual needs.","137","https://www.artisanlabnetwork.com/patient-resources","https://www.artisanlabnetwork.com/patient-resources","en","0","","0","147","","14","true",""
"https://www.artisanlabnetwork.com/patient-resources_tokai","https://www.artisanlabnetwork.com/patient-resources_tokai","/patient-resources_tokai","200","0","text/html; charset=utf-8","","","Tokai Patient Resources","23","To Make the World Beautiful - Lens Innovator for Better Vision","62","https://www.artisanlabnetwork.com/patient-resources_tokai","https://www.artisanlabnetwork.com/patient-resources_tokai","en","0","","3","591","","16","true",""
"https://www.artisanlabnetwork.com/peak-artisan-labs","https://www.artisanlabnetwork.com/peak-artisan-labs","/peak-artisan-labs","200","0","text/html; charset=utf-8","","","Peak Artisan Labs","17","As an independent laboratory, we take pride in our ability to operate with agility, allowing us to approach things differently and promptly respond to the specific needs of our valued customers.","194","https://www.artisanlabnetwork.com/peak-artisan-labs","https://www.artisanlabnetwork.com/peak-artisan-labs","en","0","","2","341","","12","true",""
"https://www.artisanlabnetwork.com/pikeartisanlabs","https://www.artisanlabnetwork.com/pikeartisanlabs","/pikeartisanlabs","200","0","text/html; charset=utf-8","","","Pike Artisan Labs","17","Pike Artisan Labs is driven by a passion for precision and a commitment to cutting-edge optical technology. As an independent lab, we operate differently—moving faster, adapting quickly, and delivering exactly what our customers need.","234","https://www.artisanlabnetwork.com/pikeartisanlabs","https://www.artisanlabnetwork.com/pikeartisanlabs","en","0","","1","343","","11","true",""
"https://www.artisanlabnetwork.com/podcasts/masterminds-2","https://www.artisanlabnetwork.com/podcasts/masterminds-2","/podcasts/masterminds-2","200","0","text/html; charset=utf-8","","","Masterminds","11","Learn about the latest trends in the independent eye care business.","67","https://www.artisanlabnetwork.com/podcasts/masterminds-2","https://www.artisanlabnetwork.com/podcasts/masterminds-2","en","1","Masterminds","1","153","","16","true",""
"https://www.artisanlabnetwork.com/podcasts/masterminds-2/episodes/2148087718","https://www.artisanlabnetwork.com/podcasts/masterminds-2/episodes/2148087718","/podcasts/masterminds-2/episodes/2148087718","200","0","text/html; charset=utf-8","","","Artisan Invest discussion on One Focus with Dr. Brianna Rhue","60","Dr. Brianna Rhue, co-founder and owner of Dr. Contact Lens, invites Jim Day and Brandon Butler on her podcast, One Focus, to discuss Artisan Invest and help doctors understand why ownership in their labratory can revolutionize their business model and elevate patient care to the next level.","291","https://www.artisanlabnetwork.com/podcasts/masterminds-2/episodes/2148087718","https://www.artisanlabnetwork.com/podcasts/masterminds-2/episodes/2148087718","en","1","Artisan Invest discussion on One Focus with Dr. Brianna Rhue","0","119","","15","true",""
"https://www.artisanlabnetwork.com/podcasts/masterminds-2/episodes/2148095308","https://www.artisanlabnetwork.com/podcasts/masterminds-2/episodes/2148095308","/podcasts/masterminds-2/episodes/2148095308","200","0","text/html; charset=utf-8","","","Breaking Free from Managed Care","31","Navigating the transition out of vision plans with Steve Alexander, Head of Business Development with Anagram.","110","https://www.artisanlabnetwork.com/podcasts/masterminds-2/episodes/2148095308","https://www.artisanlabnetwork.com/podcasts/masterminds-2/episodes/2148095308","en","1","Breaking Free from Managed Care","0","83","","15","true",""
"https://www.artisanlabnetwork.com/practicematters","https://www.artisanlabnetwork.com/practicematters","/practicematters","200","0","text/html; charset=utf-8","","","Newsletter - Practice Matters","29","Check out our Artisan newsletter, Practice Matters.","51","https://www.artisanlabnetwork.com/practicematters","https://www.artisanlabnetwork.com/practicematters","en","0","","1","82","","16","true",""
"https://www.artisanlabnetwork.com/practicematterssignup","https://www.artisanlabnetwork.com/practicematterssignup","/practicematterssignup","200","0","text/html; charset=utf-8","","","Practice Matters Sign Up - Newsletter","37","Click here to sign up for Practice Matters, our Artisan Newsletter","66","https://www.artisanlabnetwork.com/practicematterssignup","https://www.artisanlabnetwork.com/practicematterssignup","en","1","Sign up to receive the Artisan Newsletter: Practice Matters!","0","42","","1","true",""
"https://www.artisanlabnetwork.com/pressreleases","https://www.artisanlabnetwork.com/pressreleases","/pressreleases","200","0","text/html; charset=utf-8","","","Press Releases","14","Press Releases","14","https://www.artisanlabnetwork.com/pressreleases","https://www.artisanlabnetwork.com/pressreleases","en","0","","1","124","","15","true",""
"https://www.artisanlabnetwork.com/privacy-policy","https://www.artisanlabnetwork.com/privacy-policy","/privacy-policy","200","0","text/html; charset=utf-8","","","Privacy Policy","14","As the largest independent lab network owned by independent eye care providers in the United States, Artisan Lab Network (ALN) provides unmatched industry solutions and support to independent eye care practices.","211","https://www.artisanlabnetwork.com/privacy-policy","https://www.artisanlabnetwork.com/privacy-policy","en","2","Cookie Policy|Terms and Conditions","0","1131","","13","true",""
"https://www.artisanlabnetwork.com/provider-resources","https://www.artisanlabnetwork.com/provider-resources","/provider-resources","200","0","text/html; charset=utf-8","","","Provider Resources","18","Championing Independent Optics - As the largest independent lab network owned by independent eye care providers in the US, Artisan Lab Network (ALN) provides unmatched industry solutions and support to independent eye care practices helping them to remain competitive against big box corporations.","297","https://www.artisanlabnetwork.com/provider-resources","https://www.artisanlabnetwork.com/provider-resources","en","0","","0","558","","39","true",""
"https://www.artisanlabnetwork.com/safetysystems","https://www.artisanlabnetwork.com/safetysystems","/safetysystems","200","0","text/html; charset=utf-8","","","Artisan Safety Systems","22","Artisan Safety Systems: ANSi-certified eyewear for Eye Care Practices. Boost services with our no-cost kits for advanced eye protection.","136","https://www.artisanlabnetwork.com/safetysystems","https://www.artisanlabnetwork.com/safetysystems","en","0","","0","163","","17","true",""
"https://www.artisanlabnetwork.com/Shipping","https://www.artisanlabnetwork.com/Shipping","/Shipping","200","0","text/html; charset=utf-8","","","-","1","-","1","https://www.artisanlabnetwork.com/Shipping","https://www.artisanlabnetwork.com/Shipping","en","0","","0","91","","14","true",""
"https://www.artisanlabnetwork.com/store","https://www.artisanlabnetwork.com/store","/store","200","0","text/html; charset=utf-8","","","Artisan Lab Network","19","Championing Independent Optics - As the largest independent lab network owned by independent eye care providers in the US, Artisan Lab Network (ALN) provides unmatched industry solutions and support to independent eye care practices helping them to remain competitive against big box corporations.","297","https://www.artisanlabnetwork.com/store","https://www.artisanlabnetwork.com/store","en","1","Store","2","62","","14","true",""
"https://www.artisanlabnetwork.com/thank-you-page","https://www.artisanlabnetwork.com/thank-you-page","/thank-you-page","200","0","text/html; charset=utf-8","","","Thank You Page","14","Championing Independent Optics - As the largest independent lab network owned by independent eye care providers in the US, Artisan Lab Network (ALN) provides unmatched industry solutions and support to independent eye care practices helping them to remain competitive against big box corporations.","297","https://www.artisanlabnetwork.com/thank-you-page","https://www.artisanlabnetwork.com/thank-you-page","en","0","","1","59","","14","true",""
"https://www.artisanlabnetwork.com/thanks-for-registering","https://www.artisanlabnetwork.com/thanks-for-registering","/thanks-for-registering","200","0","text/html; charset=utf-8","","","Events_Thank You Template_2","27","","0","https://www.artisanlabnetwork.com/thanks-for-registering","https://www.artisanlabnetwork.com/thanks-for-registering","en","0","","0","231","","17","true",""
"https://www.artisanlabnetwork.com/tokai","https://www.artisanlabnetwork.com/tokai","/tokai","200","0","text/html; charset=utf-8","","","Learn about Tokai Lenses","24","Make the World Beautiful -  Innovation for Better Vision","56","https://www.artisanlabnetwork.com/tokai","https://www.artisanlabnetwork.com/tokai","en","1","See for Yourself!","1","132","","13","true",""
"https://www.artisanlabnetwork.com/Tokai-technology-tour-march-2024","https://www.artisanlabnetwork.com/Tokai-technology-tour-march-2024","/Tokai-technology-tour-march-2024","200","0","text/html; charset=utf-8","","","TOKAI Technology Tour 3-12-24","29","Embark on a journey into the future of eyewear with Mr. Dean Butler, the esteemed founder of LensCrafters, and Hideyuki Hayashi, with Tokai, Corp. at an exclusive dinner event hosted by Artisan Lab Network.","206","https://www.artisanlabnetwork.com/Tokai-technology-tour-march-2024","https://www.artisanlabnetwork.com/Tokai-technology-tour-march-2024","en","0","","0","80","","14","true",""
